{
  "source": "matr",
  "task_kind": "lifecycle",
  "models": {
    "bilstm": {
      "best_val_loss": 582.4222930908203,
      "test_metrics": {
        "rmse": 0.097878,
        "mae": 0.05427,
        "mape": 8.233979,
        "r2": 0.308747,
        "trajectory_rmse": 0.097878,
        "trajectory_mae": 0.05427,
        "trajectory_r2": 0.308747,
        "rul_mae": 398.602959,
        "rul_rmse": 421.347961,
        "eol_mae": 403.504476,
        "eol_rmse": 425.938349,
        "knee_mae": 296.602604,
        "loss": 434.284324,
        "traj_loss": 0.005353,
        "rul_loss": 398.102958,
        "eol_loss": 403.004477,
        "knee_loss": 296.102804,
        "mono_loss": 0.0,
        "smooth_loss": 0.0,
        "domain_loss": 0.0,
        "trajectory_mape": 8.233979,
        "lr": 0.0003
      },
      "single_run_test_metrics": {
        "loss": 423.7921508789062,
        "traj_loss": 0.00539610629202798,
        "rul_loss": 387.33371887207034,
        "eol_loss": 388.94296875,
        "knee_loss": 298.1708297729492,
        "mono_loss": 0.0,
        "smooth_loss": 3.0979994569690916e-08,
        "domain_loss": 5.0663945039275404e-08,
        "trajectory_rmse": 0.09831321351230145,
        "trajectory_mae": 0.054229409992694856,
        "trajectory_mape": 8.24212942123413,
        "trajectory_r2": 0.3023663878440857,
        "rul_mae": 387.8337127685547,
        "rul_rmse": 411.1757354736328,
        "eol_mae": 389.44298400878904,
        "eol_rmse": 412.6879150390625,
        "knee_mae": 298.67023010253905,
        "rmse": 0.09831321351230145,
        "mae": 0.054229409992694856,
        "mape": 8.24212942123413,
        "r2": 0.3023663878440857,
        "lr": 0.0003
      },
      "best_checkpoint": "data/models/matr/bilstm/runs/seed-21/bilstm_best.pt",
      "final_checkpoint": "data/models/matr/bilstm/bilstm_final.pt",
      "requested_model_type": "bilstm",
      "multi_seed_available": true
    },
    "hybrid": {
      "best_val_loss": 693.6677703857422,
      "test_metrics": {
        "rmse": 0.098888,
        "mae": 0.054284,
        "mape": 8.264335,
        "r2": 0.294
      },
      "single_run_test_metrics": {
        "loss": 534.5856140136718,
        "traj_loss": 0.005380155367311091,
        "rul_loss": 508.68682556152345,
        "eol_loss": 489.51171875,
        "knee_loss": 337.7263488769531,
        "mono_loss": 0.0,
        "smooth_loss": 3.741313072680441e-08,
        "domain_loss": 0.005518631916493178,
        "trajectory_rmse": 0.09807494133710862,
        "trajectory_mae": 0.054504717141389845,
        "trajectory_mape": 8.26294665336609,
        "trajectory_r2": 0.30622737407684325,
        "rul_mae": 509.1868194580078,
        "rul_rmse": 526.8647094726563,
        "eol_mae": 490.01171875,
        "eol_rmse": 508.3921722412109,
        "knee_mae": 338.2263427734375,
        "rmse": 0.09807494133710862,
        "mae": 0.054504717141389845,
        "mape": 8.26294665336609,
        "r2": 0.30622737407684325,
        "lr": 0.0003
      },
      "best_checkpoint": "data/models/matr/hybrid/hybrid_best.pt",
      "final_checkpoint": "data/models/matr/hybrid/hybrid_final.pt",
      "requested_model_type": "hybrid",
      "multi_seed_available": true
    }
  }
}