{
  "source": "matr",
  "task_kind": "lifecycle",
  "models": {
    "bilstm": {
      "best_val_loss": 582.4253875732422,
      "test_metrics": {
        "loss": 423.7952819824219,
        "traj_loss": 0.005396988429129124,
        "rul_loss": 387.3365539550781,
        "eol_loss": 388.9466125488281,
        "knee_loss": 298.1718460083008,
        "mono_loss": 0.0,
        "smooth_loss": 3.045124383760367e-08,
        "domain_loss": 5.0663945039275404e-08,
        "trajectory_rmse": 0.09832167141139507,
        "trajectory_mae": 0.05422932803630829,
        "trajectory_mape": 8.242366600036622,
        "trajectory_r2": 0.30224385261535647,
        "rul_mae": 387.8365447998047,
        "rul_rmse": 411.1783935546875,
        "eol_mae": 389.4466217041016,
        "eol_rmse": 412.69135131835935,
        "knee_mae": 298.6712448120117,
        "rmse": 0.09832167141139507,
        "mae": 0.05422932803630829,
        "mape": 8.242366600036622,
        "r2": 0.30224385261535647,
        "lr": 0.0003
      },
      "single_run_test_metrics": {
        "loss": 423.7952819824219,
        "traj_loss": 0.005396988429129124,
        "rul_loss": 387.3365539550781,
        "eol_loss": 388.9466125488281,
        "knee_loss": 298.1718460083008,
        "mono_loss": 0.0,
        "smooth_loss": 3.045124383760367e-08,
        "domain_loss": 5.0663945039275404e-08,
        "trajectory_rmse": 0.09832167141139507,
        "trajectory_mae": 0.05422932803630829,
        "trajectory_mape": 8.242366600036622,
        "trajectory_r2": 0.30224385261535647,
        "rul_mae": 387.8365447998047,
        "rul_rmse": 411.1783935546875,
        "eol_mae": 389.4466217041016,
        "eol_rmse": 412.69135131835935,
        "knee_mae": 298.6712448120117,
        "rmse": 0.09832167141139507,
        "mae": 0.05422932803630829,
        "mape": 8.242366600036622,
        "r2": 0.30224385261535647,
        "lr": 0.0003
      },
      "best_checkpoint": "data/models/matr/bilstm/bilstm_best.pt",
      "final_checkpoint": "data/models/matr/bilstm/bilstm_final.pt",
      "requested_model_type": "bilstm",
      "multi_seed_available": false
    },
    "hybrid": {
      "best_val_loss": 693.6683349609375,
      "test_metrics": {
        "rmse": 0.098888,
        "mae": 0.054284,
        "mape": 8.264335,
        "r2": 0.294
      },
      "single_run_test_metrics": {
        "loss": 534.5856109619141,
        "traj_loss": 0.005394890159368515,
        "rul_loss": 508.68638916015624,
        "eol_loss": 489.51312255859375,
        "knee_loss": 337.72483978271487,
        "mono_loss": 0.0,
        "smooth_loss": 3.7389096618767324e-08,
        "domain_loss": 0.00551053574308753,
        "trajectory_rmse": 0.09820236228406429,
        "trajectory_mae": 0.05450508482754231,
        "trajectory_mape": 8.267278575897217,
        "trajectory_r2": 0.30447523593902587,
        "rul_mae": 509.1864013671875,
        "rul_rmse": 526.8644836425781,
        "eol_mae": 490.01311645507815,
        "eol_rmse": 508.3933837890625,
        "knee_mae": 338.22483978271487,
        "rmse": 0.09820236228406429,
        "mae": 0.05450508482754231,
        "mape": 8.267278575897217,
        "r2": 0.30447523593902587,
        "lr": 0.0003
      },
      "best_checkpoint": "data/models/matr/hybrid/hybrid_best.pt",
      "final_checkpoint": "data/models/matr/hybrid/hybrid_final.pt",
      "requested_model_type": "hybrid",
      "multi_seed_available": true
    }
  }
}