{
  "source": "calce",
  "models": {
    "bilstm": {
      "best_val_loss": 3.443115223447482,
      "test_metrics": {
        "loss": 9.497929016749064,
        "rmse": 10.461879650751749,
        "mae": 9.99099854628245,
        "mape": 238.04402510325113,
        "r2": -31.680428167184193,
        "lr": 0.0002505
      },
      "best_checkpoint": "data/models/calce/bilstm/bilstm_best.pt",
      "final_checkpoint": "data/models/calce/bilstm/bilstm_final.pt"
    },
    "hybrid": {
      "best_val_loss": 7.210879151026408,
      "test_metrics": {
        "loss": 10.661060174306234,
        "rmse": 11.395735144615173,
        "mae": 11.155665238698324,
        "mape": 391.7334149678548,
        "r2": -48.810263415177666,
        "lr": 0.0003
      },
      "best_checkpoint": "data/models/calce/hybrid/hybrid_best.pt",
      "final_checkpoint": "data/models/calce/hybrid/hybrid_final.pt"
    }
  }
}