{
  "source": "calce",
  "task_kind": "lifecycle",
  "models": {
    "bilstm": {
      "best_val_loss": 60.245906829833984,
      "test_metrics": {
        "rmse": 0.020382,
        "mae": 0.016751,
        "mape": 1.874402,
        "r2": 0.589942
      },
      "single_run_test_metrics": {
        "loss": 53.71707534790039,
        "traj_loss": 0.0001505034015281126,
        "rul_loss": 52.81727981567383,
        "eol_loss": 53.2086067199707,
        "knee_loss": 24.064044952392578,
        "mono_loss": 0.0,
        "smooth_loss": 1.280218100419006e-07,
        "domain_loss": 0.0883038267493248,
        "trajectory_rmse": 0.017349546775221825,
        "trajectory_mae": 0.014151759445667267,
        "trajectory_mape": 1.5779906511306763,
        "trajectory_r2": 0.7055151462554932,
        "rul_mae": 53.31727981567383,
        "rul_rmse": 53.71895217895508,
        "eol_mae": 53.7086067199707,
        "eol_rmse": 54.10393142700195,
        "knee_mae": 24.564044952392578,
        "rmse": 0.017349546775221825,
        "mae": 0.014151759445667267,
        "mape": 1.5779906511306763,
        "r2": 0.7055151462554932,
        "lr": 0.0003
      },
      "best_checkpoint": "data/models/calce/bilstm/runs/seed-42/bilstm_best.pt",
      "final_checkpoint": "data/models/calce/bilstm/bilstm_final.pt",
      "requested_model_type": "bilstm",
      "multi_seed_available": true
    },
    "hybrid": {
      "best_val_loss": 61.415164947509766,
      "test_metrics": {
        "rmse": 0.029198,
        "mae": 0.023205,
        "mape": 2.606718,
        "r2": 0.032485
      },
      "single_run_test_metrics": {
        "loss": 54.905948638916016,
        "traj_loss": 0.0001308917417190969,
        "rul_loss": 53.978031158447266,
        "eol_loss": 53.8159065246582,
        "knee_loss": 25.50210952758789,
        "mono_loss": 0.0,
        "smooth_loss": 5.523043569155561e-07,
        "domain_loss": 0.14912784099578857,
        "trajectory_rmse": 0.016179725527763367,
        "trajectory_mae": 0.012992414645850658,
        "trajectory_mape": 1.444946527481079,
        "trajectory_r2": 0.7438886165618896,
        "rul_mae": 54.478031158447266,
        "rul_rmse": 54.868350982666016,
        "eol_mae": 54.3159065246582,
        "eol_rmse": 54.70940017700195,
        "knee_mae": 26.002111434936523,
        "rmse": 0.016179725527763367,
        "mae": 0.012992414645850658,
        "mape": 1.444946527481079,
        "r2": 0.7438886165618896,
        "lr": 0.0003
      },
      "best_checkpoint": "data/models/calce/hybrid/hybrid_best.pt",
      "final_checkpoint": "data/models/calce/hybrid/hybrid_final.pt",
      "requested_model_type": "hybrid",
      "multi_seed_available": true
    }
  }
}