{
  "source": "nasa",
  "task_kind": "lifecycle",
  "models": {
    "bilstm": {
      "best_val_loss": 10.958420435587565,
      "test_metrics": {
        "rmse": 0.312726,
        "mae": 0.212544,
        "mape": 3584689.536338,
        "r2": -1.168166
      },
      "single_run_test_metrics": {
        "loss": 38.17451318105062,
        "traj_loss": 0.060374501471718155,
        "rul_loss": 36.339734395345054,
        "eol_loss": 37.18444379170736,
        "knee_loss": 20.280046463012695,
        "mono_loss": 0.0,
        "smooth_loss": 5.367622198567308e-09,
        "domain_loss": 0.004819309571757913,
        "trajectory_rmse": 0.30395959317684174,
        "trajectory_mae": 0.20170970757802328,
        "trajectory_mape": 3624888.2622044883,
        "trajectory_r2": -1.1177855332692463,
        "rul_mae": 36.839734395345054,
        "rul_rmse": 38.94154898325602,
        "eol_mae": 37.68308321634928,
        "eol_rmse": 39.849762280782066,
        "knee_mae": 20.613379796346027,
        "rmse": 0.30395959317684174,
        "mae": 0.20170970757802328,
        "mape": 3624888.2622044883,
        "r2": -1.1177855332692463,
        "lr": 0.00012711304747648549
      },
      "best_checkpoint": "data/models/nasa/bilstm/runs/seed-21/bilstm_best.pt",
      "final_checkpoint": "data/models/nasa/bilstm/bilstm_final.pt",
      "requested_model_type": "bilstm",
      "multi_seed_available": true
    },
    "hybrid": {
      "best_val_loss": 10.857244809468588,
      "test_metrics": {
        "rmse": 0.30368,
        "mae": 0.201833,
        "mape": 3621058.914982,
        "r2": -1.117342
      },
      "single_run_test_metrics": {
        "loss": 41.93113644917806,
        "traj_loss": 0.060381050842503704,
        "rul_loss": 39.68313757578532,
        "eol_loss": 40.43111244837443,
        "knee_loss": 23.39477252960205,
        "mono_loss": 0.0,
        "smooth_loss": 5.728134411242536e-09,
        "domain_loss": 0.08050585289796193,
        "trajectory_rmse": 0.3040068546930949,
        "trajectory_mae": 0.20173358793059984,
        "trajectory_mape": 3625366.3872044883,
        "trajectory_r2": -1.1178609530131023,
        "rul_mae": 40.17516771952311,
        "rul_rmse": 42.69193331400553,
        "eol_mae": 40.931113719940186,
        "eol_rmse": 43.065988063812256,
        "knee_mae": 23.709932327270508,
        "rmse": 0.3040068546930949,
        "mae": 0.20173358793059984,
        "mape": 3625366.3872044883,
        "r2": -1.1178609530131023,
        "lr": 0.0003
      },
      "best_checkpoint": "data/models/nasa/hybrid/runs/seed-7/hybrid_best.pt",
      "final_checkpoint": "data/models/nasa/hybrid/hybrid_final.pt",
      "requested_model_type": "hybrid",
      "multi_seed_available": true
    }
  }
}