{
  "source": "hust",
  "task_kind": "lifecycle",
  "models": {
    "bilstm": {
      "best_val_loss": 1084.2497100830078,
      "test_metrics": {
        "rmse": 0.021182,
        "mae": 0.018042,
        "mape": 2.136232,
        "r2": 0.900922,
        "trajectory_rmse": 0.021182,
        "trajectory_mae": 0.018042,
        "trajectory_r2": 0.900922,
        "rul_mae": 1068.775909,
        "rul_rmse": 1090.498983,
        "eol_mae": 1068.612996,
        "eol_rmse": 1090.339284,
        "knee_mae": 894.197098,
        "loss": 1184.807943,
        "traj_loss": 0.000225,
        "rul_loss": 1068.275904,
        "eol_loss": 1068.113007,
        "knee_loss": 893.697728,
        "mono_loss": 0.0,
        "smooth_loss": 0.0,
        "domain_loss": 0.001049,
        "trajectory_mape": 2.136232,
        "lr": 0.0003
      },
      "single_run_test_metrics": {
        "loss": 1182.742431640625,
        "traj_loss": 0.00022346823607222177,
        "rul_loss": 1066.8394317626953,
        "eol_loss": 1068.9071502685547,
        "knee_loss": 887.0382537841797,
        "mono_loss": 0.0,
        "smooth_loss": 3.41484938104486e-08,
        "domain_loss": 0.0001301432348554954,
        "trajectory_rmse": 0.02111879037693143,
        "trajectory_mae": 0.018073852639645338,
        "trajectory_mape": 2.136577546596527,
        "trajectory_r2": 0.9015114158391953,
        "rul_mae": 1067.3394470214844,
        "rul_rmse": 1089.0913696289062,
        "eol_mae": 1069.4071350097656,
        "eol_rmse": 1091.1172485351562,
        "knee_mae": 887.5366821289062,
        "rmse": 0.02111879037693143,
        "mae": 0.018073852639645338,
        "mape": 2.136577546596527,
        "r2": 0.9015114158391953,
        "lr": 0.0003
      },
      "best_checkpoint": "data/models/hust/bilstm/runs/seed-7/bilstm_best.pt",
      "final_checkpoint": "data/models/hust/bilstm/bilstm_final.pt",
      "requested_model_type": "bilstm",
      "multi_seed_available": true
    },
    "hybrid": {
      "best_val_loss": 1109.8319091796875,
      "test_metrics": {
        "rmse": 0.021067,
        "mae": 0.018228,
        "mape": 2.146616,
        "r2": 0.901978
      },
      "single_run_test_metrics": {
        "loss": 1208.3247985839844,
        "traj_loss": 0.0002217409673903603,
        "rul_loss": 1090.831787109375,
        "eol_loss": 1086.4922180175781,
        "knee_loss": 913.2375793457031,
        "mono_loss": 0.0,
        "smooth_loss": 6.565323307228255e-08,
        "domain_loss": 0.024578228127211332,
        "trajectory_rmse": 0.02103586681187153,
        "trajectory_mae": 0.018246397841721773,
        "trajectory_mape": 2.1476953625679016,
        "trajectory_r2": 0.9022674560546875,
        "rul_mae": 1091.3317565917969,
        "rul_rmse": 1112.6109619140625,
        "eol_mae": 1086.9922180175781,
        "eol_rmse": 1108.3555297851562,
        "knee_mae": 913.7375793457031,
        "rmse": 0.02103586681187153,
        "mae": 0.018246397841721773,
        "mape": 2.1476953625679016,
        "r2": 0.9022674560546875,
        "lr": 0.0003
      },
      "best_checkpoint": "data/models/hust/hybrid/hybrid_best.pt",
      "final_checkpoint": "data/models/hust/hybrid/hybrid_final.pt",
      "requested_model_type": "hybrid",
      "multi_seed_available": true
    }
  }
}