{
  "source": "hust",
  "task_kind": "lifecycle",
  "models": {
    "bilstm": {
      "best_val_loss": 1084.15966796875,
      "test_metrics": {
        "loss": 1182.6521606445312,
        "traj_loss": 0.0002242236805614084,
        "rul_loss": 1066.778549194336,
        "eol_loss": 1068.7779388427734,
        "knee_loss": 887.0059356689453,
        "mono_loss": 0.0,
        "smooth_loss": 3.6932448210791335e-08,
        "domain_loss": 0.00017375975221511908,
        "trajectory_rmse": 0.021154050715267658,
        "trajectory_mae": 0.018050558865070343,
        "trajectory_mape": 2.1360232830047607,
        "trajectory_r2": 0.9011856317520142,
        "rul_mae": 1067.278549194336,
        "rul_rmse": 1089.0317687988281,
        "eol_mae": 1069.2779388427734,
        "eol_rmse": 1090.9906616210938,
        "knee_mae": 887.5040740966797,
        "rmse": 0.021154050715267658,
        "mae": 0.018050558865070343,
        "mape": 2.1360232830047607,
        "r2": 0.9011856317520142,
        "lr": 0.0003
      },
      "single_run_test_metrics": {
        "loss": 1182.6521606445312,
        "traj_loss": 0.0002242236805614084,
        "rul_loss": 1066.778549194336,
        "eol_loss": 1068.7779388427734,
        "knee_loss": 887.0059356689453,
        "mono_loss": 0.0,
        "smooth_loss": 3.6932448210791335e-08,
        "domain_loss": 0.00017375975221511908,
        "trajectory_rmse": 0.021154050715267658,
        "trajectory_mae": 0.018050558865070343,
        "trajectory_mape": 2.1360232830047607,
        "trajectory_r2": 0.9011856317520142,
        "rul_mae": 1067.278549194336,
        "rul_rmse": 1089.0317687988281,
        "eol_mae": 1069.2779388427734,
        "eol_rmse": 1090.9906616210938,
        "knee_mae": 887.5040740966797,
        "rmse": 0.021154050715267658,
        "mae": 0.018050558865070343,
        "mape": 2.1360232830047607,
        "r2": 0.9011856317520142,
        "lr": 0.0003
      },
      "best_checkpoint": "data/models/hust/bilstm/bilstm_best.pt",
      "final_checkpoint": "data/models/hust/bilstm/bilstm_final.pt",
      "requested_model_type": "bilstm",
      "multi_seed_available": false
    },
    "hybrid": {
      "best_val_loss": 1109.8327026367188,
      "test_metrics": {
        "rmse": 0.021067,
        "mae": 0.018228,
        "mape": 2.146616,
        "r2": 0.901978
      },
      "single_run_test_metrics": {
        "loss": 1208.3255310058594,
        "traj_loss": 0.000221633799810661,
        "rul_loss": 1090.8331298828125,
        "eol_loss": 1086.49267578125,
        "knee_loss": 913.2369232177734,
        "mono_loss": 0.0,
        "smooth_loss": 6.22083424772768e-08,
        "domain_loss": 0.024584936443716288,
        "trajectory_rmse": 0.02103107050061226,
        "trajectory_mae": 0.018242758698761463,
        "trajectory_mape": 2.147294580936432,
        "trajectory_r2": 0.902311161160469,
        "rul_mae": 1091.3331298828125,
        "rul_rmse": 1112.6122741699219,
        "eol_mae": 1086.99267578125,
        "eol_rmse": 1108.35595703125,
        "knee_mae": 913.7369384765625,
        "rmse": 0.02103107050061226,
        "mae": 0.018242758698761463,
        "mape": 2.147294580936432,
        "r2": 0.902311161160469,
        "lr": 0.0003
      },
      "best_checkpoint": "data/models/hust/hybrid/hybrid_best.pt",
      "final_checkpoint": "data/models/hust/hybrid/hybrid_final.pt",
      "requested_model_type": "hybrid",
      "multi_seed_available": true
    }
  }
}