{
  "val": {
    "loss": 1120.7922058105469,
    "traj_loss": 0.0162350992904976,
    "rul_loss": 1027.8574676513672,
    "eol_loss": 1027.8652648925781,
    "knee_loss": 782.4862670898438,
    "mono_loss": 0.0,
    "smooth_loss": 2.939257342404744e-06,
    "domain_loss": 0.7955544888973236,
    "trajectory_rmse": 0.1729206182062626,
    "trajectory_mae": 0.1495047975331545,
    "trajectory_mape": 17.715404987335205,
    "trajectory_r2": -6.351374447345734,
    "rul_mae": 1028.3574676513672,
    "rul_rmse": 1045.069595336914,
    "eol_mae": 1028.365234375,
    "eol_rmse": 1045.0785064697266,
    "knee_mae": 782.9862823486328,
    "rmse": 0.1729206182062626,
    "mae": 0.1495047975331545,
    "mape": 17.715404987335205,
    "r2": -6.351374447345734,
    "lr": 0.0003
  }
}