{
  "val": {
    "loss": 742.4274841308594,
    "traj_loss": 0.07222740091383457,
    "rul_loss": 711.69599609375,
    "eol_loss": 711.5682891845703,
    "knee_loss": 407.41687164306643,
    "mono_loss": 0.0,
    "smooth_loss": 3.409225496397994e-06,
    "domain_loss": 0.2572213649749756,
    "trajectory_rmse": 0.3753932029008865,
    "trajectory_mae": 0.3296749427914619,
    "trajectory_mape": 35.96312923431397,
    "trajectory_r2": -63.63003911972046,
    "rul_mae": 712.1960052490234,
    "rul_rmse": 754.8930084228516,
    "eol_mae": 712.0682708740235,
    "eol_rmse": 754.7758422851563,
    "knee_mae": 407.91688079833983,
    "rmse": 0.3753932029008865,
    "mae": 0.3296749427914619,
    "mape": 35.96312923431397,
    "r2": -63.63003911972046,
    "lr": 0.0003
  }
}