{
  "means": {
    "voltage_mean": 3.112555148111931,
    "voltage_std": 0.5312761721310927,
    "voltage_min": 1.9992606870605651,
    "voltage_max": 3.600749370131354,
    "current_mean": 0.14935878924854756,
    "current_std": 3.281718570496694,
    "temperature_mean": 33.643191459391076,
    "temperature_std": 1.8245295147777971,
    "temperature_rise_rate": 6.793539628504631,
    "capacity": 1.0336870526682478,
    "cycle_number": 418.2317314426846
  },
  "stds": {
    "voltage_mean": 0.04194728675158205,
    "voltage_std": 0.02585049297097122,
    "voltage_min": 0.007962352725553743,
    "voltage_max": 0.024202605155143747,
    "current_mean": 0.32222630841748623,
    "current_std": 0.23086262230460528,
    "temperature_mean": 1.7544295399893337,
    "temperature_std": 0.5858061413575667,
    "temperature_rise_rate": 2.1418606340593573,
    "capacity": 0.054026089045134326,
    "cycle_number": 297.88649861399756
  }
}